Date,Song,Last Played
Date,Song,Last Played
Date,Song,Last Played
08.28.2026,The Song That Jane Likes,5
08.28.2026,Pig,2
08.28.2026,Busted Stuff,23
08.28.2026,The Best of What's Around,7
08.28.2026,Spaceman,7
08.28.2026,Come On Come On,2
08.28.2026,Shake Me Like a Monkey,3
08.28.2026,Stay or Leave,1
08.28.2026,It Could Happen,3
08.28.2026,Jimi Thing,2
08.28.2026,Word Up!,2
08.28.2026,Long Black Veil,4
08.28.2026,So Right,8
08.28.2026,Snow Outside,11
08.28.2026,Time Bomb,"243, LIB"
08.28.2026,Drive In Drive Out,11
08.28.2026,Louisiana Bayou,6
08.28.2026,Crash Into Me,3
08.28.2026,Drunken Soldier,5
08.28.2026,Stay (Wasting Time),4
08.28.2026,Baby Blue,1
08.28.2026,Tripping Billies,4
08.29.2026,All Along the Watchtower,3
08.29.2026,American Baby,2
08.29.2026,Big Eyed Fish,7
08.29.2026,Bartender,7
08.29.2026,Alligator Pie,2
08.29.2026,Where Are You Going,4
08.29.2026,Madman's Eyes,2
08.29.2026,Crush,4
08.29.2026,Come Tomorrow,7
08.29.2026,Sweet Up and Down,4
08.29.2026,Why I Am,3
08.29.2026,Say Goodbye,4
08.29.2026,I Did It,4
08.29.2026,Eh Hee,"207, LIB"
08.29.2026,Everyday,5
08.29.2026,Granny,2
08.29.2026,#41,2
08.29.2026,The Stone,3
08.29.2026,Here On Out,48
08.29.2026,What You Are,23
