09.06.2026,Eh Hee,3
09.06.2026,Typical Situation,8
09.06.2026,Drive In Drive Out,5
09.06.2026,Cha Cha,7
09.06.2026,Dancing Nancies,3
09.06.2026,Come Tomorrow,4
09.06.2026,What Would You Say,3
09.06.2026,The Maker,28
09.06.2026,I Did It,4
09.06.2026,One Sweet World,14
09.06.2026,Looking for a Vein,12
09.06.2026,So Damn Lucky,7
09.06.2026,Long Black Veil,3
09.06.2026,Spoon,13
09.06.2026,The Last Stop,9
09.06.2026,Cry Freedom,18
09.06.2026,Tripping Billies,5
09.06.2026,Thank You (Falettinme Be Mice Elf Agin),63
09.06.2026,Papertown,3
09.06.2026,Two Step,10
09.06.2026,Good Good Time,18
09.27.2026,Don't Drink the Water,2
09.27.2026,American Baby,2
09.27.2026,So Much to Say,4
09.27.2026,Too Much,9
09.27.2026,You & Me,3
09.27.2026,Shake Me Like a Monkey,3
09.27.2026,Madman's Eyes,5
09.27.2026,All Along the Watchtower,5
09.27.2026,Word Up!,6
09.27.2026,Jimi Thing,6
09.27.2026,Satellite,2
09.27.2026,Grey Street,2
09.27.2026,Everyday,5
09.27.2026,Warehouse,2
09.27.2026,Ants Marching,2
